{"cameraMode":{"drawMode":0,"name":"Shaded","section":"Shading Mode"},"sceneLighting":true,"audioPlay":false,"sceneViewState":{"showFog":true,"showMaterialUpdate":false,"showSkybox":true,"showFlares":true,"showImageEffects":true,"showParticleSystems":true},"in2DMode":false,"pivot":{"x":5.2001953125,"y":0.33935546875,"z":88.0341796875},"rotation":{"x":0.10009477287530899,"y":0.8902761936187744,"z":-0.23721261322498322,"w":0.3756643533706665},"size":4.9720377922058109,"orthographic":true}