{"cameraMode":{"drawMode":0,"name":"Shaded","section":"Shading Mode"},"sceneLighting":true,"audioPlay":false,"sceneViewState":{"showFog":true,"showMaterialUpdate":false,"showSkybox":true,"showFlares":true,"showImageEffects":true,"showParticleSystems":true},"in2DMode":false,"pivot":{"x":3.574951171875,"y":2.7298583984375,"z":94.21176147460938},"rotation":{"x":0.08595994859933853,"y":0.8906224370002747,"z":-0.18926717340946198,"w":0.40447163581848147},"size":1.7847429513931275,"orthographic":true}